Site,Nome do Produto,Preço Bruto,Data do Scraping,Preço Numérico
Mercado Livre,Notebook Hp 256r G9 Intel Core I5-1335u 15.6 Hd Intel Uhd Graphics 256gb Ssd 8gb Ram Windows 11 Home 64 Sl- Ay6z4la#ak4,R$2.73542% OFF no Pix,20250623_211217,2.73542
Mercado Livre,Notebook Hp 256r G9 Intel Core I5-1335u 15.6 Hd Intel Uhd Graphics 256gb Ssd 8gb Ram Windows 11 Home 64 Sl- Ay6z4la#ak4,R$2.56424% OFF no Pix,20250623_211217,2.56424
Mercado Livre,Notebook Hp 256r G9 Intel Core I3-1315u 15.6 Hd Intel Uhd Graphics 256gb Ssd 8gb Ram Windows 11 Home 64 Sl - AN1A2LA#AK4,R$3.16220% OFF no Pix,20250623_211217,3.1622
Mercado Livre,Notebook Hp 256r G9 Intel Core I3-1315u 15.6 Hd Intel Uhd Graphics 256gb Ssd 8gb Ram Windows 11 Home 64 Sl - AN1A2LA#AK4,R$2.27414% OFF no Pix ou Saldo no Mercado Pago,20250623_211217,2.27414
Mercado Livre,Notebook Hp 256r G9 Intel Core I5-1335u 15.6 Hd Intel® Iris Xe Graphics 256gb Ssd 16gb Ram Windows 11 Home Pls Sl- Ay6z5la#ak4,R$3.3629% OFF no Pix ou Saldo no Mercado Pago,20250623_211217,3.3629
Mercado Livre,Notebook Hp 256r G9 Intel Core I5-1335u 15.6 Hd Intel® Iris Xe Graphics 256gb Ssd 16gb Ram Windows 11 Home Pls Sl- Ay6z5la#ak4,R$2.88230% OFF,20250623_211217,2.8823
Mercado Livre,"Notebook ASUS Vivobook Go 15 E1504 AMD RYZEN 5 7520U 8GB Ram 256GB SSD Linux KeepOS 15,6” FHD Black E1504FA-NJ731",R$3.39830% OFF,20250623_211217,3.3983
Mercado Livre,"Notebook ASUS Vivobook Go 15 E1504 AMD RYZEN 5 7520U 8GB Ram 256GB SSD Linux KeepOS 15,6” FHD Black E1504FA-NJ731",R$6.39912% OFF,20250623_211217,6.39912
Mercado Livre,Notebook Dell Inspiron I15-i120k-a25p I5 8gb 512gb 15.6 W11,R$4.379,20250623_211217,4.379
Mercado Livre,Notebook Dell Inspiron I15-i120k-a25p I5 8gb 512gb 15.6 W11,R$4.79918% OFF,20250623_211217,4.79918
Mercado Livre,Notebook Acer Aspire 5 A515-45-r0xr Ryzen7 8gb 256gb Ssd 15.6 Full Hd Linux Gutta,R$1.99932% OFF,20250623_211217,1.99932
Mercado Livre,Notebook Acer Aspire 5 A515-45-r0xr Ryzen7 8gb 256gb Ssd 15.6 Full Hd Linux Gutta,R$2.999,20250623_211217,2.999
Mercado Livre,Notebook Acer Aspire 15 A15-51M-56KR / Intel® Core™ i5-13420H 13ª geração / 16 GB / 512SSD / 15.6” Full HD,R$1.4899% OFF,20250623_211217,1.4899
Mercado Livre,Notebook Acer Aspire 15 A15-51M-56KR / Intel® Core™ i5-13420H 13ª geração / 16 GB / 512SSD / 15.6” Full HD,R$3.69919% OFF,20250623_211217,3.69919
Mercado Livre,Notebook Gamer Acer Nitro V Intel Core i7 13ª Geração 16GB 512GB RTX4050 Linux Gutta 15.6' FHD ANV15-51-7037,R$1.49924% OFF,20250623_211217,1.49924
Mercado Livre,Notebook Gamer Acer Nitro V Intel Core i7 13ª Geração 16GB 512GB RTX4050 Linux Gutta 15.6' FHD ANV15-51-7037,R$4.05518% OFF no Pix ou Saldo no Mercado Pago,20250623_211217,4.05518
Mercado Livre,Notebook Dell Inspiron I15-i120k-a35p I5 16gb 1tb 15.6 W11,R$4.67911% OFF,20250623_211217,4.67911
Mercado Livre,Notebook Dell Inspiron I15-i120k-a35p I5 16gb 1tb 15.6 W11,R$4.73914% OFF,20250623_211217,4.73914
Mercado Livre,Notebook Acer Nitro V15 ANV15-51-58AZ Core I5-13420h 8gb 512gb Rtx 3050 Cor Preto,R$5.249,20250623_211217,5.249
Mercado Livre,Notebook Acer Nitro V15 ANV15-51-58AZ Core I5-13420h 8gb 512gb Rtx 3050 Cor Preto,R$2.79919% OFF,20250623_211217,2.79919
Mercado Livre,"Notebook Positivo Vision C15 Lumina Bar Celeron, 8GB 128GB eMMC, Tela 15.6"" HD Antirreflexo, Windows 11, Tecla Link, Cinza",R$2.99918% OFF,20250623_211217,2.99918
Mercado Livre,"Notebook Positivo Vision C15 Lumina Bar Celeron, 8GB 128GB eMMC, Tela 15.6"" HD Antirreflexo, Windows 11, Tecla Link, Cinza",R$5.402,20250623_211217,5.402
Mercado Livre,"Notebook Vaio Fe15, Amd® Ryzen 5, 8gb 256gb Ssd, Tela 15,6'' Full Hd Antirreflexo, Linux - Cinza Grafite, Vjfe59f11x-b1711h",R$3.79911% OFF,20250623_211217,3.79911
Mercado Livre,"Notebook Vaio Fe15, Amd® Ryzen 5, 8gb 256gb Ssd, Tela 15,6'' Full Hd Antirreflexo, Linux - Cinza Grafite, Vjfe59f11x-b1711h",R$1.39922% OFF,20250623_211217,1.39922
Mercado Livre,"Notebook Positivo Duo 2 em 1 Intel Celeron C4128B-3 4GB 128GB 11,6"" IPS HD Windows 11",R$1.332,20250623_211217,1.332
Mercado Livre,"Notebook Positivo Duo 2 em 1 Intel Celeron C4128B-3 4GB 128GB 11,6"" IPS HD Windows 11",R$2.99925% OFF,20250623_211217,2.99925
Mercado Livre,"Notebook VAIO FE15 Intel Core i5 12th 16GB 512GB SSD Tela 15,6'' Full HD Antirreflexo Windows 11 Home Cinza Grafite B2621H",R$2.8879% OFF,20250623_211217,2.8879
Mercado Livre,"Notebook VAIO FE15 Intel Core i5 12th 16GB 512GB SSD Tela 15,6'' Full HD Antirreflexo Windows 11 Home Cinza Grafite B2621H",R$2.162,20250623_211217,2.162
Mercado Livre,Notebook Positivo Vision C15 Lumina Bar Celeron 4gb 128gb Emmc Tela 15 Hd Antirreflexo Windows 11 Tecla Link Cinza,R$2.29930% OFF,20250623_211217,2.2993
Mercado Livre,Notebook Positivo Vision C15 Lumina Bar Celeron 4gb 128gb Emmc Tela 15 Hd Antirreflexo Windows 11 Tecla Link Cinza,R$2.74731% OFF,20250623_211217,2.74731
Mercado Livre,"Notebook Gamer ASUS TUF Gaming A15 AMD Ryzen 7 7435HS 3,1 GHz GeForce RTX™2050 8GB RAM 512GB SSD Linux KeepOs Tela 15,6 144Hz IPS FHD Graphite Black - FA506NFR-HN069",R$2.609,20250623_211217,2.609
Mercado Livre,"Notebook Gamer ASUS TUF Gaming A15 AMD Ryzen 7 7435HS 3,1 GHz GeForce RTX™2050 8GB RAM 512GB SSD Linux KeepOs Tela 15,6 144Hz IPS FHD Graphite Black - FA506NFR-HN069",R$1.7497% OFF,20250623_211217,1.7497
Mercado Livre,Notebook Lenovo LOQ-e 15iax9e Intel Core i5-12450hx 16gb 512gb Ssd Rtx 3050 Windows 11 15.6 - 83me0007br Luna Grey,R$1.71914% OFF,20250623_211217,1.71914
Mercado Livre,Notebook Lenovo LOQ-e 15iax9e Intel Core i5-12450hx 16gb 512gb Ssd Rtx 3050 Windows 11 15.6 - 83me0007br Luna Grey,R$1.419,20250623_211217,1.419
Mercado Livre,Notebook Acer Aspire 5 Ryzen 7 15.6 Radeon 512gb 8gb Linux,R$2.41133% OFF,20250623_211217,2.41133
Mercado Livre,Notebook Acer Aspire 5 Ryzen 7 15.6 Radeon 512gb 8gb Linux,R$2.33827% OFF,20250623_211217,2.33827
Mercado Livre,Hp Victus 15.6 Fhd Intel Core I7 16gb Ramrtx 4050512gb Ssd,R$2.74725% OFF,20250623_211217,2.74725
Mercado Livre,Hp Victus 15.6 Fhd Intel Core I7 16gb Ramrtx 4050512gb Ssd,R$4.89933% OFF,20250623_211217,4.89933
Mercado Livre,"Notebook Acer Aspire 15 73wh Intel Ci7 13620H 13ªGen GB RAM 512GB SSD Fhd 15.6"" 64-Bits (Debian)",R$4.79926% OFF,20250623_211217,4.79926
Mercado Livre,"Notebook Acer Aspire 15 73wh Intel Ci7 13620H 13ªGen GB RAM 512GB SSD Fhd 15.6"" 64-Bits (Debian)",R$2.529,20250623_211217,2.529
Mercado Livre,Notebook Positivo Vision C14 Lumina BAR Celeron 4GB 128GB eMMC Tela 14 Polegadas HD Antirreflexo Windows 11 Tecla Link – Cinza,R$2.6996% OFF,20250623_211217,2.6996
Mercado Livre,Notebook Positivo Vision C14 Lumina BAR Celeron 4GB 128GB eMMC Tela 14 Polegadas HD Antirreflexo Windows 11 Tecla Link – Cinza,R$2.95932% OFF,20250623_211217,2.95932
Mercado Livre,"Notebook Samsung Galaxy Book4 Intel® U300 (1.20 Ghz, até 4.4GHz, 8 MB L3 Cache), Windows 11 Home, 8GB, 256GB SSD, UHD Graphics, 15.6'' Full HD LED, 1.55kg",R$2.77127% OFF,20250623_211217,2.77127
Mercado Livre,"Notebook Samsung Galaxy Book4 Intel® U300 (1.20 Ghz, até 4.4GHz, 8 MB L3 Cache), Windows 11 Home, 8GB, 256GB SSD, UHD Graphics, 15.6'' Full HD LED, 1.55kg",R$2.56424% OFF no Pix,20250623_211217,2.56424
Mercado Livre,"Notebook Positivo Vision Intel Core i3 8gb RAM 256gb Ssd Tela 15.6"" Full Hd Linux - Preto",R$4.9255% OFF no Pix,20250623_211217,4.9255
Mercado Livre,"Notebook Positivo Vision Intel Core i3 8gb RAM 256gb Ssd Tela 15.6"" Full Hd Linux - Preto",R$5.399,20250623_211217,5.399
Mercado Livre,"Notebook Lenovo Ideapad 1 Intel Core i3 1215U 8GB RAM 256GB SSD Windows 11 Home Tela 15,6"" 82VY000SBR",R$3.49927% OFF,20250623_211217,3.49927
Mercado Livre,"Notebook Lenovo Ideapad 1 Intel Core i3 1215U 8GB RAM 256GB SSD Windows 11 Home Tela 15,6"" 82VY000SBR",R$3.69926% OFF,20250623_211217,3.69926
Mercado Livre,"Notebook Asus X515 Intel Celeron Dual Core N4500 4gb Ram 128gb Ssd Windows 11 Home Tela 15,6 Led Hd Slate Grey - Br309ws",R$2.73542% OFF no Pix,20250623_211217,2.73542
Mercado Livre,"Notebook Asus X515 Intel Celeron Dual Core N4500 4gb Ram 128gb Ssd Windows 11 Home Tela 15,6 Led Hd Slate Grey - Br309ws",R$2.84943% OFF,20250623_211217,2.84943
Mercado Livre,"Notebook VSAP VNJH1402 Intel Celeron N4020 de 14,1"", 8 GB de RAM, 256 GB, SSD, Windows 11 Pro Silver",R$2.269,20250623_211217,2.269
Mercado Livre,"Notebook VSAP VNJH1402 Intel Celeron N4020 de 14,1"", 8 GB de RAM, 256 GB, SSD, Windows 11 Pro Silver",R$2.4246% OFF,20250623_211217,2.4246
Mercado Livre,"Notebook Acer Aspire 3 Intel Core i3– N305 FHD 15.6"" LED TN UHD para processadores Inte 256GB SDD 8GB RAM Debian 64 bits Prata - A315-510P-320B",R$3.64927% OFF,20250623_211217,3.64927
Mercado Livre,"Notebook Acer Aspire 3 Intel Core i3– N305 FHD 15.6"" LED TN UHD para processadores Inte 256GB SDD 8GB RAM Debian 64 bits Prata - A315-510P-320B",R$2.598,20250623_211217,2.598
Mercado Livre,Notebook Acer Aspire 5 15.6 Fhd I5-12450h 256gb Ssd 8gb Cor Cinza,R$2.690,20250623_211217,2.69
Mercado Livre,Notebook Acer Aspire 5 15.6 Fhd I5-12450h 256gb Ssd 8gb Cor Cinza,R$2.96932% OFF no Pix ou Saldo no Mercado Pago,20250623_211217,2.96932
Mercado Livre,Notebook Acer Nitro V15 ANV15-51-58AZ Core I5-13420h 8gb 512gb Rtx 3050 Cor Preto,R$4.8997% OFF,20250623_211217,4.8997
Mercado Livre,Notebook Acer Nitro V15 ANV15-51-58AZ Core I5-13420h 8gb 512gb Rtx 3050 Cor Preto,R$2.698,20250623_211217,2.698
Mercado Livre,Notebook Lenovo Ideapad 1 Ryzen 5 7520U 8gb 512gb W11 15.6 HD 82x5000gbr,R$2.009,20250623_211217,2.009
Mercado Livre,Notebook Lenovo Ideapad 1 Ryzen 5 7520U 8gb 512gb W11 15.6 HD 82x5000gbr,R$2.1297% OFF,20250623_211217,2.1297
Mercado Livre,"Notebook Lenovo Ideapad 1i Intel Core i5 - 1235U, 8GB RAM, 512GB SSD, Windows 11 Home, Tela 15,6'' HD - 82VY000QBR",R$2.77024% OFF,20250623_211217,2.77024
Mercado Livre,"Notebook Lenovo Ideapad 1i Intel Core i5 - 1235U, 8GB RAM, 512GB SSD, Windows 11 Home, Tela 15,6'' HD - 82VY000QBR",R$2.65031% OFF,20250623_211217,2.65031
Mercado Livre,Notebook Hp 256r G9 Intel Core I3-1315u 15.6 Hd Intel Uhd Graphics 256gb Ssd 8gb Ram Windows 11 Home 64 Sl - AN1A2LA#AK4,R$1.99932% OFF,20250623_211217,1.99932
Mercado Livre,Notebook Hp 256r G9 Intel Core I3-1315u 15.6 Hd Intel Uhd Graphics 256gb Ssd 8gb Ram Windows 11 Home 64 Sl - AN1A2LA#AK4,R$2.269,20250623_211217,2.269
Mercado Livre,"Apple MacBook Air (13 polegadas, 2020, Chip M1, 256 GB de SSD) - Cinza-espacial",R$2.4296% OFF,20250623_211217,2.4296
Mercado Livre,"Apple MacBook Air (13 polegadas, 2020, Chip M1, 256 GB de SSD) - Cinza-espacial",R$2.99957% OFF,20250623_211217,2.99957
Mercado Livre,"Notebook Vaio Fe16 Amd Ryzen 7-5825u Linux 16gb 512gb Ssd Wi-Fi 6 Tela 16"" Ips Wuxga Antirreflexo Cinza Grafite Vjfe69f11xb0121h Memória Expansível até 64GB",R$1.399,20250623_211217,1.399
Mercado Livre,"Notebook Vaio Fe16 Amd Ryzen 7-5825u Linux 16gb 512gb Ssd Wi-Fi 6 Tela 16"" Ips Wuxga Antirreflexo Cinza Grafite Vjfe69f11xb0121h Memória Expansível até 64GB",R$3.599,20250623_211217,3.599
Mercado Livre,Notebook Hp 256r G9 Intel Core I5-1335u 15.6 Hd Intel Uhd Graphics 256gb Ssd 8gb Ram Windows 11 Home 64 Sl- Ay6z4la#ak4,R$3.09919% OFF,20250623_211217,3.09919
Mercado Livre,Notebook Hp 256r G9 Intel Core I5-1335u 15.6 Hd Intel Uhd Graphics 256gb Ssd 8gb Ram Windows 11 Home 64 Sl- Ay6z4la#ak4,R$3.20617% OFF,20250623_211217,3.20617
Mercado Livre,Notebook Ideapad 1 R3 8gb 256gb W11 15.6 82x5000abr AMD Ryzen 3,R$2.89541% OFF,20250623_211217,2.89541
Mercado Livre,Notebook Ideapad 1 R3 8gb 256gb W11 15.6 82x5000abr AMD Ryzen 3,R$2.93041% OFF,20250623_211217,2.93041
Mercado Livre,Notebook Lenovo Thinkpad E14 Amd Ryzen 7 7730u 40gb 512ssd M Preto (Recondicionado),R$1.29948% OFF,20250623_211217,1.29948
Mercado Livre,Notebook Lenovo Thinkpad E14 Amd Ryzen 7 7730u 40gb 512ssd M Preto (Recondicionado),R$1.599,20250623_211217,1.599
Mercado Livre,Notebook Hp Probook 840 G8 Core I5 11° Ger 16gb Ssd 256gb Cinza (Recondicionado),R$1.829,20250623_211217,1.829
Mercado Livre,Notebook Hp Probook 840 G8 Core I5 11° Ger 16gb Ssd 256gb Cinza (Recondicionado),R$1.9497% OFF,20250623_211217,1.9497
Mercado Livre,Notebook Hp Elitebook Core I7 10a Geração 32gb Ram 512gb Ssd Prateado (Recondicionado),R$2.3698% OFF,20250623_211217,2.3698
Mercado Livre,Notebook Hp Elitebook Core I7 10a Geração 32gb Ram 512gb Ssd Prateado (Recondicionado),R$2.49910% OFF,20250623_211217,2.4991
Mercado Livre,Fonte Carregador Para Lenovo Thinkpad E14 Gen 2 65w,"R$79,5325% OFF",20250623_211217,79.5325
Mercado Livre,Fonte Carregador Para Lenovo Thinkpad E14 Gen 2 65w,R$2.73542% OFF no Pix,20250623_211217,2.73542
Mercado Livre,Notebook Hp 256r G9 Intel Core I5-1335u 15.6 Hd Intel Uhd Graphics 256gb Ssd 8gb Ram Windows 11 Home 64 Sl- Ay6z4la#ak4,R$2.56424% OFF no Pix,20250623_211217,2.56424
Mercado Livre,Notebook Hp 256r G9 Intel Core I5-1335u 15.6 Hd Intel Uhd Graphics 256gb Ssd 8gb Ram Windows 11 Home 64 Sl- Ay6z4la#ak4,R$1.6615% OFF,20250623_211217,1.6615
Mercado Livre,Notebook Hp 256r G9 Intel Core I3-1315u 15.6 Hd Intel Uhd Graphics 256gb Ssd 8gb Ram Windows 11 Home 64 Sl - AN1A2LA#AK4,R$3.192,20250623_211217,3.192
Mercado Livre,Notebook Hp 256r G9 Intel Core I3-1315u 15.6 Hd Intel Uhd Graphics 256gb Ssd 8gb Ram Windows 11 Home 64 Sl - AN1A2LA#AK4,"R$27,9330% OFF",20250623_211217,27.933
Mercado Livre,Notebook Lenovo Thinkpad T480 14  I5 8ª 8gb Ssd 256gb,"R$30,7411% OFF",20250623_211217,30.7411
Mercado Livre,Notebook Lenovo Thinkpad T480 14  I5 8ª 8gb Ssd 256gb,"R$47,505% OFF",20250623_211217,47.505
Mercado Livre,Notebook Dell Inspiron I15-i120k-a10p 15.6 I3 8gb 256gb W11,R$3.7995% OFF,20250623_211217,3.7995
Mercado Livre,Notebook Dell Inspiron I15-i120k-a10p 15.6 I3 8gb 256gb W11,"R$27,9330% OFF",20250623_211217,27.933
Mercado Livre,"Suporte de Notebook Articulado e Dobrável, Tablet, Laptop e Mesa Portátil, Base Ergonômico para Escritório e Home Office em Alumínio Bahrein",R$3.16220% OFF no Pix,20250623_211217,3.1622
Mercado Livre,"Suporte de Notebook Articulado e Dobrável, Tablet, Laptop e Mesa Portátil, Base Ergonômico para Escritório e Home Office em Alumínio Bahrein","R$54,89",20250623_211217,54.89
Mercado Livre,Suporte Note Apoio Notebook Laptop Computador Mesa Universal Rishon Cor Preto,R$3.166,20250623_211217,3.166
Mercado Livre,Suporte Note Apoio Notebook Laptop Computador Mesa Universal Rishon Cor Preto,R$1.19940% OFF,20250623_211217,1.1994
Mercado Livre,Suporte Notebook Base Led Refrigerada Ventilação Silenciosa Cor Preto LED Azul,R$1.19637% OFF,20250623_211217,1.19637
Mercado Livre,Suporte Notebook Base Led Refrigerada Ventilação Silenciosa Cor Preto LED Azul,R$2.8495% OFF no Pix ou Saldo no Mercado Pago,20250623_211217,2.8495
Mercado Livre,"Notebook Samsung Book4 I5-1335u 8gb 256gb Ssd 15,6 Full Hd Windows 11 Pro Np754xgj-kg5br 110v/220v",R$2.307,20250623_211217,2.307
Mercado Livre,"Notebook Samsung Book4 I5-1335u 8gb 256gb Ssd 15,6 Full Hd Windows 11 Pro Np754xgj-kg5br 110v/220v",R$2.429,20250623_211217,2.429
Mercado Livre,"Suporte de Notebook Articulado e Dobrável, Tablet, Laptop e Mesa Portátil, Base Ergonômico para Escritório e Home Office em Alumínio Bahrein",R$5.199,20250623_211217,5.199
Mercado Livre,"Suporte de Notebook Articulado e Dobrável, Tablet, Laptop e Mesa Portátil, Base Ergonômico para Escritório e Home Office em Alumínio Bahrein",R$5.26910% OFF,20250623_211217,5.2691
Mercado Livre,Notebook Hp 256r G9 Intel Core I5-1335u 15.6 Hd Intel® Iris Xe Graphics 256gb Ssd 16gb Ram Windows 11 Home Pls Sl- Ay6z5la#ak4,"R$44,89",20250623_211217,44.89
Mercado Livre,Notebook Hp 256r G9 Intel Core I5-1335u 15.6 Hd Intel® Iris Xe Graphics 256gb Ssd 16gb Ram Windows 11 Home Pls Sl- Ay6z5la#ak4,R$4.79918% OFF,20250623_211217,4.79918
Mercado Livre,Teclado Para Notebook Lenovo Ideapad 330 330s Abnt2 Br Com Ç Cor Cinza,"R$161,88",20250623_211217,161.88
Mercado Livre,Teclado Para Notebook Lenovo Ideapad 330 330s Abnt2 Br Com Ç Cor Cinza,R$2.589,20250623_211217,2.589
Mercado Livre,"Notebook Lenovo IdeaPad 1i Intel Core i5-1235U 8GB 512GB SSD Windows 11 Home 14"" 83AF000EBR",R$1.899,20250623_211217,1.899
Mercado Livre,"Notebook Lenovo IdeaPad 1i Intel Core i5-1235U 8GB 512GB SSD Windows 11 Home 14"" 83AF000EBR",R$1.75629% OFF no Pix,20250623_211217,1.75629
Mercado Livre,"Notebook Ultra, Linux, 15,6 Pol. HD, Intel Celeron, 240GB SSD/ 8GB RAM, Cinza Escovado - UB262",R$1.929,20250623_211217,1.929
Mercado Livre,"Notebook Ultra, Linux, 15,6 Pol. HD, Intel Celeron, 240GB SSD/ 8GB RAM, Cinza Escovado - UB262",R$2.799,20250623_211217,2.799
Mercado Livre,Notebook Multi Ultra Celeron N4020c 4gb 128gb W11 14'' Cinza,R$2.9697% OFF,20250623_211217,2.9697
Mercado Livre,Notebook Multi Ultra Celeron N4020c 4gb 128gb W11 14'' Cinza,R$2.633,20250623_211217,2.633
Mercado Livre,Notebook Dell Inspiron I15-i120k-a15p I3 8gb 512gb 15.6 W11,"R$67,4555% OFF",20250623_211217,67.4555
Mercado Livre,Notebook Dell Inspiron I15-i120k-a15p I3 8gb 512gb 15.6 W11,R$1.740,20250623_211217,1.74
Mercado Livre,"Notebook Samsung Galaxy Book Go Snapdragon 7c Kryo 468 Octa-core 4GB RAM 128GB SSD 14"" Full HD W11 com Office 365 NP340XLA-K07BR",R$1.999,20250623_211217,1.999
Mercado Livre,"Notebook Samsung Galaxy Book Go Snapdragon 7c Kryo 468 Octa-core 4GB RAM 128GB SSD 14"" Full HD W11 com Office 365 NP340XLA-K07BR",R$2.1446% OFF,20250623_211217,2.1446
Mercado Livre,Notebook Asus Vivobook 16 Intel Core I7 1355U 16GB RAM 1TB SSD Windows 11 Home Tela 16 Fhd Cool Silver – X1605VA-MB764W,R$1.8845% OFF,20250623_211217,1.8845
Mercado Livre,Notebook Asus Vivobook 16 Intel Core I7 1355U 16GB RAM 1TB SSD Windows 11 Home Tela 16 Fhd Cool Silver – X1605VA-MB764W,R$4.1996% OFF,20250623_211217,4.1996
Mercado Livre,Teclado P/ Notebook Samsung Np300e4a-bd1br Ç Marca Bringit Cor Preto,R$3.09624% OFF,20250623_211217,3.09624
Mercado Livre,Teclado P/ Notebook Samsung Np300e4a-bd1br Ç Marca Bringit Cor Preto,R$2.95934% OFF,20250623_211217,2.95934
Mercado Livre,Notebook Acer Nitro V15 ANV15-51-58AZ Core I5-13420h 8gb 512gb Rtx 3050 Cor Preto,R$1.81227% OFF no Pix,20250623_211217,1.81227
Mercado Livre,Notebook Acer Nitro V15 ANV15-51-58AZ Core I5-13420h 8gb 512gb Rtx 3050 Cor Preto,R$2.589,20250623_211217,2.589
Mercado Livre,Teclado Para Notebook Lenovo Thinkpad T450 T440 T440s T440p Cor Preto,R$3.11313% OFF no Pix,20250623_211217,3.11313
Mercado Livre,Teclado Para Notebook Lenovo Thinkpad T450 T440 T440s T440p Cor Preto,R$2.501,20250623_211217,2.501
Mercado Livre,Notebook Dell Latitude 5310 Core I5 10ª Ger 16gb Ssd 256gb - Bom (Recondicionado),R$1.94313% OFF no Pix,20250623_211217,1.94313
Mercado Livre,Notebook Dell Latitude 5310 Core I5 10ª Ger 16gb Ssd 256gb - Bom (Recondicionado),R$4.115,20250623_211217,4.115
Mercado Livre,Notebook Lenovo T490 Core I5-8365u 1.6ghz 16gb Ssd 256gb 14,R$2.74731% OFF,20250623_211217,2.74731
Mercado Livre,Notebook Lenovo T490 Core I5-8365u 1.6ghz 16gb Ssd 256gb 14,R$2.94426% OFF,20250623_211217,2.94426
Mercado Livre,Notebook Lenovo Ideapad 1i Celeron Office 365 4gb 128gb W11,R$3.16220% OFF no Pix,20250623_211217,3.1622
Mercado Livre,Notebook Lenovo Ideapad 1i Celeron Office 365 4gb 128gb W11,R$3.24822% OFF,20250623_211217,3.24822
Mercado Livre,Notebook Ideapad 1i Intel Core i5 12gb 512gb Linux 82vys00900 Cloud Grey,R$2.189,20250623_211217,2.189
Mercado Livre,Notebook Ideapad 1i Intel Core i5 12gb 512gb Linux 82vys00900 Cloud Grey,R$2.3197% OFF,20250623_211217,2.3197
Mercado Livre,"Notebook Latitude 3420 14"" preto 8GB de Ram - 256GB SSD - Intel Core i5 - Excelente (Recondicionado)",R$2.68310% OFF,20250623_211217,2.6831
Mercado Livre,"Notebook Latitude 3420 14"" preto 8GB de Ram - 256GB SSD - Intel Core i5 - Excelente (Recondicionado)",R$2.74933% OFF,20250623_211217,2.74933
Mercado Livre,Suporte Base Notebook Com Cooler 4 Fans Velocidade Ajustável,R$2.272,20250623_211217,2.272
Mercado Livre,Suporte Base Notebook Com Cooler 4 Fans Velocidade Ajustável,R$10.405,20250623_211217,10.405
Mercado Livre,Notebook Lenovo T480 Core I5-8ªth 16gb Ssd 240gb Tela Hd Cor Black - Excelente (Recondicionado),R$9.999,20250623_211217,9.999
Mercado Livre,Notebook Lenovo T480 Core I5-8ªth 16gb Ssd 240gb Tela Hd Cor Black - Excelente (Recondicionado),R$3.3996% OFF,20250623_211217,3.3996
Mercado Livre,Notebook Lenovo Ideapad 1 R3-7320U 4GB de RAM 256GB SSD W11 Home 15.6 82x5000ebr,"R$904,7017% OFF",20250623_211217,904.7017
Mercado Livre,Notebook Lenovo Ideapad 1 R3-7320U 4GB de RAM 256GB SSD W11 Home 15.6 82x5000ebr,R$3.04230% OFF no Pix ou Saldo no Mercado Pago,20250623_211217,3.0423
Mercado Livre,"Notebook Asus Vivobook Go 15 E1504fa Amd Ryzen 3 7320u 4gb Ram 128gb Ssd Linux Keepos Tela 15,6 Fhd Black - Nj1291",R$2.190,20250623_211217,2.19
Mercado Livre,"Notebook Asus Vivobook Go 15 E1504fa Amd Ryzen 3 7320u 4gb Ram 128gb Ssd Linux Keepos Tela 15,6 Fhd Black - Nj1291",R$1.979,20250623_211217,1.979
Mercado Livre,Laptop Dell Inspiron i15-i1300-M50P 15.6 Full HD de 13ª geração RAM 16 GB Core i5 Cor Preto,R$3.9996% OFF,20250623_211217,3.9996
Mercado Livre,Laptop Dell Inspiron i15-i1300-M50P 15.6 Full HD de 13ª geração RAM 16 GB Core i5 Cor Preto,R$7.899,20250623_211217,7.899
Mercado Livre,"Notebook Acer Aspire 5 Intel Core I5 - 12450H 8GB RAM 256GB SSD Windows 11 Home Tela 15,6"" Full HD A515-57-55B8 Bivolt",R$8.3497% OFF,20250623_211217,8.3497
Mercado Livre,"Notebook Acer Aspire 5 Intel Core I5 - 12450H 8GB RAM 256GB SSD Windows 11 Home Tela 15,6"" Full HD A515-57-55B8 Bivolt",R$1.999,20250623_211217,1.999
Mercado Livre,"Notebook Lenovo Ideapad Intel Celeron - N4020, 4GB RAM, 128SSD, Windows 11 Home C/office, Tela Led 15,6"", Cor Cinza - 82VX0001BR",R$13627% OFF,20250623_211217,13627.0
Mercado Livre,"Notebook Lenovo Ideapad Intel Celeron - N4020, 4GB RAM, 128SSD, Windows 11 Home C/office, Tela Led 15,6"", Cor Cinza - 82VX0001BR",R$6.559,20250623_211217,6.559
Mercado Livre,Notebook Dell Latitude 5310 Core I5 10th 16gb Ram 256gb Ssd Cinza - Excelente (Recondicionado),R$6.9597% OFF,20250623_211217,6.9597
Mercado Livre,Notebook Dell Latitude 5310 Core I5 10th 16gb Ram 256gb Ssd Cinza - Excelente (Recondicionado),R$6.800,20250623_211217,6.8
Mercado Livre,"Notebook Asus Vivobook 15 X1504va Intel Core I5 1334u 16gb Ram 512gb Ssd Linux Keepos Intel Iris Xe Tela 15,6 Led Fhd Blue - Nj1746",R$3.500,20250623_211217,3.5
Mercado Livre,Fonte Carregador Para Lenovo Thinkpad E14 Gen 2 65w,"R$79,5325% OFF",20250623_211217,79.5325
Mercado Livre,Fonte Carregador Para Lenovo Thinkpad E14 Gen 2 65w,R$2.56424% OFF no Pix,20250623_211217,2.56424
Mercado Livre,Notebook Hp 256r G9 Intel Core I3-1315u 15.6 Hd Intel Uhd Graphics 256gb Ssd 8gb Ram Windows 11 Home 64 Sl - AN1A2LA#AK4,R$2.73542% OFF no Pix,20250623_211217,2.73542
Mercado Livre,Notebook Hp 256r G9 Intel Core I3-1315u 15.6 Hd Intel Uhd Graphics 256gb Ssd 8gb Ram Windows 11 Home 64 Sl - AN1A2LA#AK4,R$3.500,20250623_211217,3.5
Mercado Livre,Notebook Hp 256r G9 Intel Core I5-1335u 15.6 Hd Intel Uhd Graphics 256gb Ssd 8gb Ram Windows 11 Home 64 Sl- Ay6z4la#ak4,R$3.4865% OFF,20250623_211217,3.4865
Mercado Livre,Notebook Hp 256r G9 Intel Core I5-1335u 15.6 Hd Intel Uhd Graphics 256gb Ssd 8gb Ram Windows 11 Home 64 Sl- Ay6z4la#ak4,R$3.6945% OFF,20250623_211217,3.6945
Mercado Livre,"Notebook Acer A515-57-5429 Intel Core i5-12450H 16GB RAM 512GB SSD Tela de 15,6'' Linux Gutta",R$2.99925% OFF,20250623_211217,2.99925
Mercado Livre,"Notebook Acer A515-57-5429 Intel Core i5-12450H 16GB RAM 512GB SSD Tela de 15,6'' Linux Gutta",R$1.890,20250623_211217,1.89
Mercado Livre,"Notebook Vaio Fe15 Amd Ryzen 5 12gb 512gb Ssd, Tela 15,6'' Full Hd Antirreflexo, Windows 11 Home, Cinza Grafite",R$1.74920% OFF,20250623_211217,1.7492
Mercado Livre,"Notebook Vaio Fe15 Amd Ryzen 5 12gb 512gb Ssd, Tela 15,6'' Full Hd Antirreflexo, Windows 11 Home, Cinza Grafite",R$1.89917% OFF,20250623_211217,1.89917
Mercado Livre,"Notebook Positivo Vision R15 Lumina Bar Amd Ryzen 5 16gb 512gb, Tela 15 Full Hd Antirreflexo, Linux - Preto",R$4.95938% OFF,20250623_211217,4.95938
Mercado Livre,"Notebook Positivo Vision R15 Lumina Bar Amd Ryzen 5 16gb 512gb, Tela 15 Full Hd Antirreflexo, Linux - Preto",R$3.16220% OFF no Pix,20250623_211217,3.1622
Mercado Livre,Notebook Dell Core I5 10a Geração 16gb Ram 256gb Ssd Windows Prateado (Recondicionado),R$4.79918% OFF,20250623_211217,4.79918
Mercado Livre,Notebook Dell Core I5 10a Geração 16gb Ram 256gb Ssd Windows Prateado (Recondicionado),R$2.999,20250623_211217,2.999
Mercado Livre,"Notebook Positivo Vision C15 Lumina Bar Celeron, 8gb 256gb Emmc, Tela 15 Polegadas Hd Antirreflexo, Linux, Tecla Link, Cinza",R$3.8996% OFF,20250623_211217,3.8996
Mercado Livre,"Notebook Positivo Vision C15 Lumina Bar Celeron, 8gb 256gb Emmc, Tela 15 Polegadas Hd Antirreflexo, Linux, Tecla Link, Cinza",R$2.66525% OFF,20250623_211217,2.66525
Mercado Livre,Notebook Lenovo E14 Thinkpad Core Ultra 7 155u 32gb 1tb Ssd Preto (Recondicionado),R$2.89927% OFF,20250623_211217,2.89927
Mercado Livre,Notebook Lenovo E14 Thinkpad Core Ultra 7 155u 32gb 1tb Ssd Preto (Recondicionado),R$2.69931% OFF,20250623_211217,2.69931
Mercado Livre,Notebook Hp 256r G9 Intel Core I5-1335u 15.6 Hd Intel® Iris Xe Graphics 256gb Ssd 16gb Ram Windows 11 Home Pls Sl- Ay6z5la#ak4,R$4.151,20250623_211217,4.151
Mercado Livre,Notebook Hp 256r G9 Intel Core I5-1335u 15.6 Hd Intel® Iris Xe Graphics 256gb Ssd 16gb Ram Windows 11 Home Pls Sl- Ay6z5la#ak4,R$4.029,20250623_211217,4.029
Mercado Livre,Notebook Acer Nitro V15 ANV15-51-58AZ Core I5-13420h 8gb 512gb Rtx 3050 Cor Preto,R$2.114,20250623_211217,2.114
Mercado Livre,Notebook Acer Nitro V15 ANV15-51-58AZ Core I5-13420h 8gb 512gb Rtx 3050 Cor Preto,R$2.2795% OFF,20250623_211217,2.2795
Mercado Livre,"Notebook Vaio Fe15, Amd® Ryzen 5, 8gb 256gb Ssd, Tela 15,6'' Full Hd Antirreflexo, Linux - Cinza Grafite, Vjfe59f11x-b1711h",R$1.984,20250623_211217,1.984
Mercado Livre,"Notebook Vaio Fe15, Amd® Ryzen 5, 8gb 256gb Ssd, Tela 15,6'' Full Hd Antirreflexo, Linux - Cinza Grafite, Vjfe59f11x-b1711h",R$1.929,20250623_211217,1.929
Mercado Livre,Notebook Dell Inspiron i15-i1300-M30P 15.6 Full HD de 13ª geração 8GB de RAM 512GB SSD cor Preto,R$1.99932% OFF,20250623_211217,1.99932
Mercado Livre,Notebook Dell Inspiron i15-i1300-M30P 15.6 Full HD de 13ª geração 8GB de RAM 512GB SSD cor Preto,R$2.49933% OFF,20250623_211217,2.49933
Mercado Livre,"Notebook Positivo Vision R15 Lumina Bar, Amd Ryzen 7 8gb 512gb, Tela 15 Polegadas Full Hd Antirreflexo, Linux - Preto",R$1.74920% OFF,20250623_211217,1.7492
Mercado Livre,"Notebook Positivo Vision R15 Lumina Bar, Amd Ryzen 7 8gb 512gb, Tela 15 Polegadas Full Hd Antirreflexo, Linux - Preto",R$1.90219% OFF no Pix,20250623_211217,1.90219
Mercado Livre,"Notebook Positivo Vision I15 Lumina Bar, Core I3, 11th, 8gb 512gb Ssd, Tela 15 Polegadas, Full Hd Antirreflexo, Windows 11 - Cinza",R$3.2997% OFF,20250623_211217,3.2997
Mercado Livre,"Notebook Positivo Vision I15 Lumina Bar, Core I3, 11th, 8gb 512gb Ssd, Tela 15 Polegadas, Full Hd Antirreflexo, Windows 11 - Cinza",R$1.990,20250623_211217,1.99
Mercado Livre,"Notebook Lenovo IdeaPad 1i Intel Core i7-1255U 16GB 512GB SSD Windows 11 Home 15.6"" 82VY000NBR","R$59,5844% OFF",20250623_211217,59.5844
Mercado Livre,"Notebook Lenovo IdeaPad 1i Intel Core i7-1255U 16GB 512GB SSD Windows 11 Home 15.6"" 82VY000NBR",R$4.07918% OFF,20250623_211217,4.07918
Mercado Livre,Notebook Lenovo V14 G4 Amd Ryzen 3 8gb 256gb Ssd Dos 14,R$2.9717% OFF,20250623_211217,2.9717
Mercado Livre,Notebook Lenovo V14 G4 Amd Ryzen 3 8gb 256gb Ssd Dos 14,R$3.19922% OFF,20250623_211217,3.19922
Mercado Livre,"Notebook Lenovo IdeaPad 1i Intel Core i3-1215U 4GB 256GB SSD Linux 14"" 83AFS00500",R$3.079,20250623_211217,3.079
Mercado Livre,"Notebook Lenovo IdeaPad 1i Intel Core i3-1215U 4GB 256GB SSD Linux 14"" 83AFS00500",R$3.5995% OFF,20250623_211217,3.5995
Mercado Livre,"Notebook Positivo Vision C15 Lumina Bar Celeron, 8GB 128GB eMMC, Tela 15.6"" HD Antirreflexo, Windows 11, Tecla Link, Cinza",R$4.09948% OFF,20250623_211217,4.09948
Mercado Livre,"Notebook Positivo Vision C15 Lumina Bar Celeron, 8GB 128GB eMMC, Tela 15.6"" HD Antirreflexo, Windows 11, Tecla Link, Cinza",R$3.399,20250623_211217,3.399
Mercado Livre,"Notebook Positivo Vision R15 Lumina Bar, AMD Ryzen 5 8GB 256GB, Tela 15 polegadas Full HD Antirreflexo, Linux - Preto",R$6.9349% OFF no Pix,20250623_211217,6.9349
Mercado Livre,"Notebook Positivo Vision R15 Lumina Bar, AMD Ryzen 5 8GB 256GB, Tela 15 polegadas Full HD Antirreflexo, Linux - Preto",R$6.499,20250623_211217,6.499
Mercado Livre,"Notebook Positivo Vision C15 Lumina Bar Celeron, 8gb 256gb Emmc, Tela 15 Polegadas Hd Antirreflexo, Linux, Tecla Link, Cinza",R$6.81424% OFF,20250623_211217,6.81424
Mercado Livre,"Notebook Positivo Vision C15 Lumina Bar Celeron, 8gb 256gb Emmc, Tela 15 Polegadas Hd Antirreflexo, Linux, Tecla Link, Cinza",R$5.299,20250623_211217,5.299
Mercado Livre,"Notebook Asus Vivobook Go 15 E1504fa Amd Ryzen 5 7520u 4gb Ram 256gb Ssd Linux Keepos Tela 15,6 Fhd Black - Nj1287",R$5.74911% OFF,20250623_211217,5.74911
Mercado Livre,"Notebook Asus Vivobook Go 15 E1504fa Amd Ryzen 5 7520u 4gb Ram 256gb Ssd Linux Keepos Tela 15,6 Fhd Black - Nj1287",R$6.0998% OFF,20250623_211217,6.0998
Mercado Livre,Notebook Dell Inspiron 15.6 Full Hd AMD Ryzen 5 7520U Memória 8GB 512GB SSD Linux I15-A0507-U10P,R$4.5996% OFF,20250623_211217,4.5996
Mercado Livre,Notebook Dell Inspiron 15.6 Full Hd AMD Ryzen 5 7520U Memória 8GB 512GB SSD Linux I15-A0507-U10P,R$5.699,20250623_211217,5.699
Mercado Livre,Notebook Dell Core I5 10th Gen 16gb Ram 256gb Ssd Windows 11 Prateado (Recondicionado),R$6.199,20250623_211217,6.199
Mercado Livre,Notebook Dell Core I5 10th Gen 16gb Ram 256gb Ssd Windows 11 Prateado (Recondicionado),R$2.090,20250623_211217,2.09
Mercado Livre,Carregador P/ Notebook Lenovo Ideapad S145 15api 81v70004br,R$2.42013% OFF no Pix,20250623_211217,2.42013
Mercado Livre,Carregador P/ Notebook Lenovo Ideapad S145 15api 81v70004br,R$3.87913% OFF,20250623_211217,3.87913
Mercado Livre,"Notebook Vaio Fe16 Amd Ryzen 7-5825u Linux 32gb 512gb Ssd Wi-Fi 6 Tela 16"" Ips Wuxga Antirreflexo - Cinza Grafite - Vjfe69f11xb0221h - Memória Expansível até 64GB",R$12.869,20250623_211217,12.869
Mercado Livre,"Notebook Vaio Fe16 Amd Ryzen 7-5825u Linux 32gb 512gb Ssd Wi-Fi 6 Tela 16"" Ips Wuxga Antirreflexo - Cinza Grafite - Vjfe69f11xb0221h - Memória Expansível até 64GB",R$13.600,20250623_211217,13.6
Mercado Livre,"Notebook Asus Vivobook 15 X1504za Intel Core I5 1235u 8gb Ram 256gb Ssd Linux Keepos Tela 15,6 Fhd Blue - Nj982","R$53,9846% OFF",20250623_211217,53.9846
Mercado Livre,"Notebook Asus Vivobook 15 X1504za Intel Core I5 1235u 8gb Ram 256gb Ssd Linux Keepos Tela 15,6 Fhd Blue - Nj982",R$2.379,20250623_211217,2.379
Mercado Livre,Notebook Lenovo V14 Amd R5 7520u 8gb 256gb Ssd W11 Pro Preto,R$2.5645% OFF,20250623_211217,2.5645
Mercado Livre,Notebook Lenovo V14 Amd R5 7520u 8gb 256gb Ssd W11 Pro Preto,R$2.559,20250623_211217,2.559
Mercado Livre,"Notebook Samsung Book 4 I3 1315u 8gb 512gb Ssd 15,6' W11 Pro Cor Grafite",R$2.49933% OFF,20250623_211217,2.49933
Mercado Livre,"Notebook Samsung Book 4 I3 1315u 8gb 512gb Ssd 15,6' W11 Pro Cor Grafite",R$6.929,20250623_211217,6.929
Mercado Livre,Notebook Acer TMP214-55-59VU Intel® Core™ i5 1335U de 13ª geração 8GB 512GB SSD W11 Pro 14”,R$7.3197% OFF,20250623_211217,7.3197
Mercado Livre,Notebook Acer TMP214-55-59VU Intel® Core™ i5 1335U de 13ª geração 8GB 512GB SSD W11 Pro 14”,R$7.019,20250623_211217,7.019
Mercado Livre,Notebook Lenovo V15 G4 Iah Intel Core I3 16gb 256gb W11pro,R$7.5295% OFF,20250623_211217,7.5295
Mercado Livre,Notebook Lenovo V15 G4 Iah Intel Core I3 16gb 256gb W11pro,R$12.5399% OFF no Pix,20250623_211217,12.5399
Mercado Livre,"Notebook Samsung Galaxy Book4 360, 16gb, Intel Core I7, 1tb Ssd, Windows 11 Home, 15.6'' Full Hd Amoled, Np750qgk-kg1br",R$5.579,20250623_211217,5.579
Mercado Livre,"Notebook Samsung Galaxy Book4 360, 16gb, Intel Core I7, 1tb Ssd, Windows 11 Home, 15.6'' Full Hd Amoled, Np750qgk-kg1br",R$3.359,20250623_211217,3.359
Mercado Livre,MacBook Air M2 2022 midnight 16GB de Ram - 256GB SSD - Apple M,R$3.599,20250623_211217,3.599
Mercado Livre,MacBook Air M2 2022 midnight 16GB de Ram - 256GB SSD - Apple M,R$3.35921% OFF,20250623_211217,3.35921
Mercado Livre,"MacBook Air M1 2020 13"" cinza-espacial 8GB de Ram - 256GB SSD - Apple Chip",R$3.59921% OFF,20250623_211217,3.59921
Mercado Livre,"MacBook Air M1 2020 13"" cinza-espacial 8GB de Ram - 256GB SSD - Apple Chip",R$2.59921% OFF,20250623_211217,2.59921
Mercado Livre,Notebook Lenovo LOQ-e 15iax9e Intel Core i7-12650hx 16gb 512gb Ssd Rtx 4050 Linux 15.6 - 83mes00200 Luna Grey,R$3.45511% OFF no Pix,20250623_211217,3.45511
Mercado Livre,Notebook Lenovo LOQ-e 15iax9e Intel Core i7-12650hx 16gb 512gb Ssd Rtx 4050 Linux 15.6 - 83mes00200 Luna Grey,R$1.449,20250623_211217,1.449
Mercado Livre,"Notebook Dell Inspiron 15 Intel Core i7 - 1255U 12ª Geração 16GB RAM 512GB SSD Windows 11 Home Tela 15.6"" Full HD I15-I120K-M45P",R$3.890,20250623_211217,3.89
Mercado Livre,"Notebook Dell Inspiron 15 Intel Core i7 - 1255U 12ª Geração 16GB RAM 512GB SSD Windows 11 Home Tela 15.6"" Full HD I15-I120K-M45P","R$59,9450% OFF",20250623_211217,59.945
Mercado Livre,"Notebook Lenovo Yoga Slim 7i Intel Core Ultra 5 125H 16gb RAM 512gb SSD Windows 11 Home Tela 14"" 83GM0003BR",R$3.599,20250623_211217,3.599
Mercado Livre,Fonte Carregador Para Lenovo Thinkpad E14 Gen 2 65w,"R$79,5325% OFF",20250623_211217,79.5325
Mercado Livre,Fonte Carregador Para Lenovo Thinkpad E14 Gen 2 65w,R$3.16220% OFF no Pix,20250623_211217,3.1622
Mercado Livre,Notebook Hp 256r G9 Intel Core I5-1335u 15.6 Hd Intel® Iris Xe Graphics 256gb Ssd 16gb Ram Windows 11 Home Pls Sl- Ay6z5la#ak4,R$2.49933% OFF,20250623_211217,2.49933
Mercado Livre,Notebook Hp 256r G9 Intel Core I5-1335u 15.6 Hd Intel® Iris Xe Graphics 256gb Ssd 16gb Ram Windows 11 Home Pls Sl- Ay6z5la#ak4,R$3.890,20250623_211217,3.89
Mercado Livre,"Notebook Positivo Vision R15 Lumina Bar, AMD Ryzen 5 8GB 256GB, Tela 15 polegadas Full HD Antirreflexo, Linux - Preto","R$59,5844% OFF",20250623_211217,59.5844
Mercado Livre,"Notebook Positivo Vision R15 Lumina Bar, AMD Ryzen 5 8GB 256GB, Tela 15 polegadas Full HD Antirreflexo, Linux - Preto",R$3.599,20250623_211217,3.599
Mercado Livre,Notebook Lenovo V15 Intel Core i5 16gb 512gb W11 Pro 82um0009br Preto,R$3.079,20250623_211217,3.079
Mercado Livre,Notebook Lenovo V15 Intel Core i5 16gb 512gb W11 Pro 82um0009br Preto,R$2.989,20250623_211217,2.989
Mercado Livre,Carregador P/ Notebook Lenovo Ideapad S145 15api 81v70004br,R$2.372,20250623_211217,2.372
Mercado Livre,Carregador P/ Notebook Lenovo Ideapad S145 15api 81v70004br,R$2.86918% OFF,20250623_211217,2.86918
Mercado Livre,Notebook Lenovo Ideapad Slim 3 15irh10 Intel Core I5-13420h 16gb 512gb Ssd Windows 11 15.3 - 83ns0001br Luna Grey,R$2.90919% OFF,20250623_211217,2.90919
Mercado Livre,Notebook Lenovo Ideapad Slim 3 15irh10 Intel Core I5-13420h 16gb 512gb Ssd Windows 11 15.3 - 83ns0001br Luna Grey,R$3.14921% OFF,20250623_211217,3.14921
Mercado Livre,"Notebook ASUS Vivobook 15 Core I5 1235U 3.3 GHz 8GB Ram 256GB SSD W11 Home Tela 15,6” NanoEdge Full HD Cool Silver X1504ZA-NJ985W",R$2.639,20250623_211217,2.639
Mercado Livre,"Notebook ASUS Vivobook 15 Core I5 1235U 3.3 GHz 8GB Ram 256GB SSD W11 Home Tela 15,6” NanoEdge Full HD Cool Silver X1504ZA-NJ985W",R$2.8495% OFF,20250623_211217,2.8495
Mercado Livre,"Notebook Lenovo Ideapad 1i Intel Core I3 - 1215U, 4GB RAM, 256GB SSD, Windows 11 Home, Tela 15.6'' - 82VY000TBR Cor cinza",R$2.448,20250623_211217,2.448
Mercado Livre,"Notebook Lenovo Ideapad 1i Intel Core I3 - 1215U, 4GB RAM, 256GB SSD, Windows 11 Home, Tela 15.6'' - 82VY000TBR Cor cinza",R$2.57814% OFF,20250623_211217,2.57814
Mercado Livre,Notebook Lenovo 3i Core I5 11th 16gb Ssd 256gb Full Hd Win11,R$1.59915% OFF,20250623_211217,1.59915
Mercado Livre,Notebook Lenovo 3i Core I5 11th 16gb Ssd 256gb Full Hd Win11,R$3.5996% OFF,20250623_211217,3.5996
Mercado Livre,"Notebook ASUS Vivobook Go 15 E1504FA-NJ836W AMD Ryzen 5 7520U 2,8 GHz 8GB 512GB SSD Windows 11 Home 15,6"" Full Hd Preto",R$8.068,20250623_211217,8.068
Mercado Livre,"Notebook ASUS Vivobook Go 15 E1504FA-NJ836W AMD Ryzen 5 7520U 2,8 GHz 8GB 512GB SSD Windows 11 Home 15,6"" Full Hd Preto",R$7.899,20250623_211217,7.899
Mercado Livre,Notebook Lenovo Lenovo V14 Amd Ryzen 5 8gb 256gb W11,R$15.9996% OFF,20250623_211217,15.9996
Mercado Livre,Notebook Lenovo Lenovo V14 Amd Ryzen 5 8gb 256gb W11,R$5.29010% OFF no Pix,20250623_211217,5.2901
Mercado Livre,Notebook Core I5 Dell Latitude 16gb Ram 256gb Ssd M2,R$5.3998% OFF,20250623_211217,5.3998
Mercado Livre,Notebook Core I5 Dell Latitude 16gb Ram 256gb Ssd M2,R$1.21515% OFF,20250623_211217,1.21515
Mercado Livre,Notebook Ultra Linux 240gb Ssd 8gb Ram Intel Celeron - Ub262,R$8.399,20250623_211217,8.399
Mercado Livre,Notebook Ultra Linux 240gb Ssd 8gb Ram Intel Celeron - Ub262,"R$53,9846% OFF",20250623_211217,53.9846
Mercado Livre,"Notebook Dell Inspiron 15 Intel Core i5 - 1334U 13 Geração 8GB RAM 512GB SSD Linux Tela 15,6"" Full HD I15-I1300-U30P",R$2.8196% OFF,20250623_211217,2.8196
Mercado Livre,"Notebook Dell Inspiron 15 Intel Core i5 - 1334U 13 Geração 8GB RAM 512GB SSD Linux Tela 15,6"" Full HD I15-I1300-U30P",R$7.099,20250623_211217,7.099
Mercado Livre,Apple Macbook Air 13.6 256gb SSD/16GB RAM M3 Chip Amv Color Silver,R$7.399,20250623_211217,7.399
Mercado Livre,Apple Macbook Air 13.6 256gb SSD/16GB RAM M3 Chip Amv Color Silver,R$2.229,20250623_211217,2.229
Mercado Livre,Notebook Dell Alienware M16 R2 Intel Core i9 Memória 32GB 1TB SSD NVIDIA® GeForce® RTX™ 4070 Windows 11 Home,R$6.099,20250623_211217,6.099
Mercado Livre,Notebook Dell Alienware M16 R2 Intel Core i9 Memória 32GB 1TB SSD NVIDIA® GeForce® RTX™ 4070 Windows 11 Home,R$6.5997% OFF,20250623_211217,6.5997
Mercado Livre,"Notebook Samsung Galaxy Book4, Windows 11 Home, Intel® Core I7, 16gb, 512gb Ssd, 15.6'' Full Hd Led, 1.55 Kg - Grafite",R$2.665,20250623_211217,2.665
Mercado Livre,"Notebook Samsung Galaxy Book4, Windows 11 Home, Intel® Core I7, 16gb, 512gb Ssd, 15.6'' Full Hd Led, 1.55 Kg - Grafite",R$2.54915% OFF,20250623_211217,2.54915
Mercado Livre,Notebook Dell Inspiron I14-i150u-m70 14  Fhd+ Intel® Core 7,R$3.1996% OFF,20250623_211217,3.1996
Mercado Livre,Notebook Dell Inspiron I14-i150u-m70 14  Fhd+ Intel® Core 7,R$5.699,20250623_211217,5.699
Mercado Livre,Notebook Lenovo Thinkpad T440p Ram 8gb Ssd 240gb I5-4300m Preto (Recondicionado),R$6.39210% OFF no Pix,20250623_211217,6.3921
Mercado Livre,Notebook Lenovo Thinkpad T440p Ram 8gb Ssd 240gb I5-4300m Preto (Recondicionado),R$4.099,20250623_211217,4.099
Mercado Livre,Macbook Air M4/ 16gb/ 256gb Ssd 2025,R$1.57526% OFF,20250623_211217,1.57526
Mercado Livre,Macbook Air M4/ 16gb/ 256gb Ssd 2025,R$8.99921% OFF,20250623_211217,8.99921
Mercado Livre,Adaptador Macbook Hub Usb-c Air M1 M2 Dex Hdmi 4k 7 Em 1 Polares,R$2.638,20250623_211217,2.638
Mercado Livre,Adaptador Macbook Hub Usb-c Air M1 M2 Dex Hdmi 4k 7 Em 1 Polares,R$2.85910% OFF,20250623_211217,2.8591
Mercado Livre,Notebook Dell Inspiron 5402 Core I5 11th 8gb 256gb Ssd Win10 - Excelente (Recondicionado),R$2.94213% OFF no Pix,20250623_211217,2.94213
Mercado Livre,Notebook Dell Inspiron 5402 Core I5 11th 8gb 256gb Ssd Win10 - Excelente (Recondicionado),R$4.99914% OFF,20250623_211217,4.99914
Mercado Livre,"MacBook Air M2 (2022) 13.6"" silver 8GB de Ram - 256GB SSD - Apple M","R$160,22",20250623_211217,160.22
Mercado Livre,"MacBook Air M2 (2022) 13.6"" silver 8GB de Ram - 256GB SSD - Apple M",R$6.89918% OFF,20250623_211217,6.89918
Mercado Livre,Notebook Hp Celeron Rose Gold 4gb Ram 128 Gb Intel Rosa,R$6.64916% OFF,20250623_211217,6.64916
Mercado Livre,Notebook Hp Celeron Rose Gold 4gb Ram 128 Gb Intel Rosa,R$8.1497% OFF,20250623_211217,8.1497
Mercado Livre,Notebook Lenovo LOQ-e 15iax9e Intel Core i7-12650HX 16gb 512gb SSD RTX 4050 Windows 11 15.6 - 83me0002br Luna Grey,R$3.49128% OFF no Pix,20250623_211217,3.49128
Mercado Livre,Notebook Lenovo LOQ-e 15iax9e Intel Core i7-12650HX 16gb 512gb SSD RTX 4050 Windows 11 15.6 - 83me0002br Luna Grey,R$6.999,20250623_211217,6.999
Mercado Livre,Notebook Ultrafino Ideapad 1 R5 16gb 256gb Linux 82x5s00200,R$7.499,20250623_211217,7.499
Mercado Livre,Notebook Ultrafino Ideapad 1 R5 16gb 256gb Linux 82x5s00200,R$4.734,20250623_211217,4.734
Mercado Livre,Notebook Dell Latitude 5490 Core I5 8th 16gb Ram 256gb Ssdm,R$4.9997% OFF,20250623_211217,4.9997
Mercado Livre,Notebook Dell Latitude 5490 Core I5 8th 16gb Ram 256gb Ssdm,R$2.499,20250623_211217,2.499
Mercado Livre,Notebook Dell Inspiron I15 i120k-u20p 15.6 Full Hd 12ª Gera,R$1.674,20250623_211217,1.674
Mercado Livre,Notebook Dell Inspiron I15 i120k-u20p 15.6 Full Hd 12ª Gera,R$1.80433% OFF no Pix,20250623_211217,1.80433
Mercado Livre,"Notebook Samsung Galaxy Book3 360 Intel Core I5 1335U, 8GB, 256GB SSD Tela 13.3' Windows11H - NP730QFG-KF2BR",R$2.96910% OFF,20250623_211217,2.9691
Mercado Livre,"Notebook Samsung Galaxy Book3 360 Intel Core I5 1335U, 8GB, 256GB SSD Tela 13.3' Windows11H - NP730QFG-KF2BR",R$9.00321% OFF no Pix,20250623_211217,9.00321
Mercado Livre,"Notebook Samsung Galaxy Book4 Pro, Windows 11 Home, Intel® Core™ Ultra 5 125H, 16GB, 512GB SSD, 14'' Full HD AMOLED, Touchscreen, 1.23 kg",R$4.346,20250623_211217,4.346
Mercado Livre,"Notebook Samsung Galaxy Book4 Pro, Windows 11 Home, Intel® Core™ Ultra 5 125H, 16GB, 512GB SSD, 14'' Full HD AMOLED, Touchscreen, 1.23 kg",R$9.699,20250623_211217,9.699
Mercado Livre,Notebook conversível Lenovo Flex 5 I3 8gb 256gb 14 Touch Color Gris,"R$59,9450% OFF",20250623_211217,59.945
Mercado Livre,Notebook conversível Lenovo Flex 5 I3 8gb 256gb 14 Touch Color Gris,R$6.712,20250623_211217,6.712
Mercado Livre,Carregador Lenovo lef para notebook Ideapad S145 15api 81v70004br,"R$59,9450% OFF",20250623_211217,59.945
Mercado Livre,Carregador Lenovo lef para notebook Ideapad S145 15api 81v70004br,R$6.712,20250623_211217,6.712
Mercado Livre,"MacBook Air M2 (2022) 13.6"" starlight 8GB de Ram - 256GB SSD - Apple M",R$3.904,20250623_211217,3.904
Mercado Livre,"MacBook Air M2 (2022) 13.6"" starlight 8GB de Ram - 256GB SSD - Apple M",R$4.034,20250623_211217,4.034
Mercado Livre,Notebook Acer Aspire 5 A15-51M-54E6 / Intel Core™ i5-13420H de 13ª Geração / 8GB / 512SSD / Windows 11 Home / 15.6” Full HD,R$4.244,20250623_211217,4.244
Mercado Livre,Notebook Acer Aspire 5 A15-51M-54E6 / Intel Core™ i5-13420H de 13ª Geração / 8GB / 512SSD / Windows 11 Home / 15.6” Full HD,R$3.77912% OFF no Pix,20250623_211217,3.77912
Mercado Livre,Notebook Lenovo V14 G4 Intel Core i5 16GB RAM 512GB SSD Windows 11 Pro,R$3.8996% OFF,20250623_211217,3.8996
Mercado Livre,Notebook Lenovo V14 G4 Intel Core i5 16GB RAM 512GB SSD Windows 11 Pro,R$3.154,20250623_211217,3.154
Mercado Livre,Notebook Asus Vivobook 15 M1502ya Amd Ryzen 7 5825u 16gb Ram 512gb Ssd Windows 11 Home Tela 15.6 Led Fhd Silver - Nj655w,R$3.3496% OFF,20250623_211217,3.3496
Mercado Livre,Notebook Asus Vivobook 15 M1502ya Amd Ryzen 7 5825u 16gb Ram 512gb Ssd Windows 11 Home Tela 15.6 Led Fhd Silver - Nj655w,R$1.42922% OFF,20250623_211217,1.42922
Mercado Livre,Notebook Dell Inspiron I15-i1300-u60p 15.6  Full Hd 13ª Gen,R$1.52919% OFF,20250623_211217,1.52919
Mercado Livre,Notebook Dell Inspiron I15-i1300-u60p 15.6  Full Hd 13ª Gen,R$2.59719% OFF,20250623_211217,2.59719
Mercado Livre,Notebook Lenovo V14 G4 Iru Intel Core I3 8gb 256gb W11 Pro,R$5.385,20250623_211217,5.385
Mercado Livre,Notebook Lenovo V14 G4 Iru Intel Core I3 8gb 256gb W11 Pro,R$3.374,20250623_211217,3.374
Mercado Livre,Notebook Positivo Vision C14 Intel® Celeron® Linux 4GB 128GB eMMC 14” HD Lumina BAR – Cinza,R$3.5797% OFF,20250623_211217,3.5797
Mercado Livre,Notebook Positivo Vision C14 Intel® Celeron® Linux 4GB 128GB eMMC 14” HD Lumina BAR – Cinza,R$4.9996% OFF,20250623_211217,4.9996
Mercado Livre,Notebook Acer Aspire 3 A315-510p-320b I3-n305 Ssd 256gb 8gb,R$4.199,20250623_211217,4.199
Mercado Livre,Notebook Acer Aspire 3 A315-510p-320b I3-n305 Ssd 256gb 8gb,R$4.4497% OFF,20250623_211217,4.4497
Mercado Livre,"Apple MacBook Air (13 polegadas, 2020, Chip M1, 256 GB de SSD) - Prata",R$2.68113% OFF no Pix,20250623_211217,2.68113
Mercado Livre,"Apple MacBook Air (13 polegadas, 2020, Chip M1, 256 GB de SSD) - Prata",R$7.60423% OFF no Pix,20250623_211217,7.60423
Mercado Livre,Notebook Lenovo V15 G4 Iru Intel Core I5 8gb 256gb W11 15.6,"R$19,4935% OFF",20250623_211217,19.4935
Mercado Livre,Notebook Lenovo V15 G4 Iru Intel Core I5 8gb 256gb W11 15.6,R$3.399,20250623_211217,3.399
Mercado Livre,Notebook Dell 15.6  Fhd Intel I7 16gb 512gb Ssd,R$4.69912% OFF,20250623_211217,4.69912
Mercado Livre,Notebook Dell 15.6  Fhd Intel I7 16gb 512gb Ssd,R$4.5499% OFF,20250623_211217,4.5499
Mercado Livre,Notebook Lenovo ThinkBook 14 G6 Intel Core i5-13420H 8GB 256GB SSD Windows 11 - 21NQ000QBR Arctic Grey,R$3.1617% OFF,20250623_211217,3.1617
Mercado Livre,Notebook Lenovo ThinkBook 14 G6 Intel Core i5-13420H 8GB 256GB SSD Windows 11 - 21NQ000QBR Arctic Grey,R$4.454,20250623_211217,4.454
Mercado Livre,"Notebook Asus Vivobook 15 X1504va Intel Core I5 1334u 8gb Ram 512gb Ssd Linux Keepos Intel Iris Xe Tela 15,6 Led Fhd Silver - Nj1741",R$4.29946% OFF,20250623_211217,4.29946
Mercado Livre,"Notebook Asus Vivobook 15 X1504va Intel Core I5 1334u 8gb Ram 512gb Ssd Linux Keepos Intel Iris Xe Tela 15,6 Led Fhd Silver - Nj1741",R$6.249,20250623_211217,6.249
Mercado Livre,Notebook Asus Vivobook S14 Core Ultra 7 32gb 1tb Ssd W11,R$3.250,20250623_211217,3.25
Mercado Livre,Notebook Asus Vivobook S14 Core Ultra 7 32gb 1tb Ssd W11,R$2.7059% OFF,20250623_211217,2.7059
Mercado Livre,Kit 3 Tampa Privacidade Webcam Notebook Home Office No2spy Cor Preto No2problems,R$1.74926% OFF,20250623_211217,1.74926
Mercado Livre,Kit 3 Tampa Privacidade Webcam Notebook Home Office No2spy Cor Preto No2problems,R$1.561,20250623_211217,1.561
Mercado Livre,Notebook Hp 15-fd0023dx 256/8gb I3 Touch Prata,R$1.670,20250623_211217,1.67
Mercado Livre,Notebook Hp 15-fd0023dx 256/8gb I3 Touch Prata,R$2.459,20250623_211217,2.459
Mercado Livre,Notebook Dell Inspiron 15 Intel I7 1255u 16gb 512gb Ssd W11,R$2.6595% OFF,20250623_211217,2.6595
Mercado Livre,Notebook Dell Inspiron 15 Intel I7 1255u 16gb 512gb Ssd W11,R$5.592,20250623_211217,5.592
Mercado Livre,"Notebook ASUS Vivobook 15 M1502YA AMD Ryzen 7 7730U 8GB Ram 512GB SSD Linux KeepOS 15,6"" FHD Cool Silver - NJ494",R$4.207,20250623_211217,4.207
Mercado Livre,"Notebook ASUS Vivobook 15 M1502YA AMD Ryzen 7 7730U 8GB Ram 512GB SSD Linux KeepOS 15,6"" FHD Cool Silver - NJ494",R$4.990,20250623_211217,4.99
Mercado Livre,Notebook Lenovo V15 G4 Intel Core I5 16gb 512gb W11pro 15.6,R$141,20250623_211217,141.0
Mercado Livre,Notebook Lenovo V15 G4 Intel Core I5 16gb 512gb W11pro 15.6,R$1.860,20250623_211217,1.86
Mercado Livre,Notebook Acer Vero AV15-53P-51MR Intel Core i5 – 1335U de 13ªG 8GB 512GB SSD W11 15.6 FHD,R$3.09922% OFF,20250623_211217,3.09922
Mercado Livre,Notebook Acer Vero AV15-53P-51MR Intel Core i5 – 1335U de 13ªG 8GB 512GB SSD W11 15.6 FHD,R$3.4896% OFF,20250623_211217,3.4896
Mercado Livre,Notebook Dell Latitude 5440 Core I7 13th 32gb Ram 512gb Ssd,R$5.79410% OFF no Pix,20250623_211217,5.7941
Mercado Livre,Notebook Dell Latitude 5440 Core I7 13th 32gb Ram 512gb Ssd,R$2.850,20250623_211217,2.85
Mercado Livre,"Notebook Acer Aspire 5 A515-56-55ld I5 8gb 256gb Sdd 15,6",R$10.559,20250623_211217,10.559
Mercado Livre,"Notebook Acer Aspire 5 A515-56-55ld I5 8gb 256gb Sdd 15,6",R$11.3995% OFF,20250623_211217,11.3995
Mercado Livre,"Notebook Latitude 5490 14"" preto 8GB de Ram - 256GB SSD - Intel Core i5",R$6.999,20250623_211217,6.999
Mercado Livre,"Notebook Latitude 5490 14"" preto 8GB de Ram - 256GB SSD - Intel Core i5",R$4.384,20250623_211217,4.384
Mercado Livre,"Notebook Asus X515ka-br309ws Celeron 4gb 128gb W11 Home 15,8",R$2.999,20250623_211217,2.999
Mercado Livre,"Notebook Asus X515ka-br309ws Celeron 4gb 128gb W11 Home 15,8",R$3.966,20250623_211217,3.966
Mercado Livre,Notebook Lenovo Intel Core I5 8350u 8gb Ddr4 Ssd M.2 256gb - Excelente (Recondicionado),R$4.6497% OFF,20250623_211217,4.6497
Mercado Livre,Notebook Lenovo Intel Core I5 8350u 8gb Ddr4 Ssd M.2 256gb - Excelente (Recondicionado),R$3.52927% OFF,20250623_211217,3.52927
Mercado Livre,Notebook Lenovo Lenovo V14 G4 Amd Ryzen 5 8gb 256gb Linux,R$3.39922% OFF,20250623_211217,3.39922
Mercado Livre,Notebook Lenovo Lenovo V14 G4 Amd Ryzen 5 8gb 256gb Linux,R$1.999,20250623_211217,1.999
Mercado Livre,"Apple MacBook Air (13 polegadas, 2020, Chip M1, 256 GB de SSD) - Ouro",R$3.289,20250623_211217,3.289
Mercado Livre,"Apple MacBook Air (13 polegadas, 2020, Chip M1, 256 GB de SSD) - Ouro","R$17,59",20250623_211217,17.59
Mercado Livre,"Notebook Lenovo IdeaPad 1 15IAU7 Intel Core i7-1255U HD 15.6"" Intel Iris Xe 512GB SSD 12GB RAM Windows 11- 82VY000PBR",R$3.80642% OFF no Pix,20250623_211217,3.80642
Mercado Livre,"Notebook Lenovo IdeaPad 1 15IAU7 Intel Core i7-1255U HD 15.6"" Intel Iris Xe 512GB SSD 12GB RAM Windows 11- 82VY000PBR",R$4.399,20250623_211217,4.399
